1 Number;2 Time;3 CV;5 Model;10 Epochs;11 Val acc;12 Val f1;13 Test acc;14 Test f1;100 Comment;Test Conf
1003;Tue Jun 20 13:36:50 2017;1/5.;conv3;3;71.12;56.59;49.87;41.19;rnn_extracted;[[256   0  97 101  16] [  7   0   8   0  30] [  9   0 258  20 392] [  0   0  35  84   1] [ 12   0  37   0 163]]
1003;Tue Jun 20 13:37:07 2017;1/5.;fc1;3;77.80;62.33;79.49;62.50;rnn_extracted;[[377   0  13  29  51] [ 13   0   1   0  31] [ 10   0 528  20 121] [  0   0  20 100   0] [  3   0   1   0 208]]
1003;Tue Jun 20 13:37:24 2017;1/5.;fc2;3;79.33;63.74;83.09;65.66;rnn_extracted;[[389   0  36  16  29] [ 12   0   3   0  30] [ 18   0 574  27  60] [  0   0  14 106   0] [  5   0   8   0 199]]
1003;Tue Jun 20 13:37:43 2017;1/5.;softmax;3;49.41;25.50;65.60;29.94;rnn_extracted;[[339   0 131   0   0] [  4   0  41   0   0] [ 17   0 662   0   0] [ 76   0  44   0   0] [  0   0 212   0   0]]
1005;Tue Jun 20 13:40:48 2017;1/5.;fc1;3;67.50;55.50;56.36;42.64;rnn_extracted;[[136   0 112 178  44] [  8   0  10   1  26] [ 12   0 443  35 189] [  0   0  20 100   0] [ 11   0  18   2 181]]
1005;Tue Jun 20 13:41:12 2017;1/5.;fc2;3;67.50;54.21;65.20;50.05;rnn_extracted;[[209   0 127  90  44] [  7   0  17   0  21] [  9   0 530  23 117] [  0   0  22  98   0] [ 16   0  38   0 158]]
1005;Tue Jun 20 13:42:12 2017;1/5.;conv3;3;66.95;54.23;41.48;31.84;rnn_extracted;[[ 86   1 203 163  17] [  4   0  16   0  25] [ 17   1 326  19 316] [  1   0  42  76   1] [  7   1  57   2 145]]
1005;Tue Jun 20 13:42:40 2017;1/5.;softmax;3;64.93;43.02;65.47;41.77;rnn_extracted;[[266   0 161  43   0] [ 10   0  35   0   0] [  8   0 624  47   0] [  2   0   9 109   0] [ 43   0 166   3   0]]
1006;Tue Jun 20 13:46:16 2017;1/5.;fc1;5;76.34;61.10;80.34;61.23;rnn_extracted;[[375   0  23  45  27] [  8   0   5   0  32] [  7   0 573  15  84] [  0   0  39  81   0] [ 12   0   3   0 197]]
1006;Tue Jun 20 13:46:46 2017;1/5.;fc2;5;78.64;63.91;85.52;66.28;rnn_extracted;[[423   0  17  14  16] [ 11   0  10   0  24] [ 10   0 627  24  18] [  1   0  19 100   0] [ 14   0  43   0 155]]
1006;Tue Jun 20 13:48:10 2017;1/5.;conv3;5;73.21;57.96;61.86;50.70;rnn_extracted;[[395   0  21  20  34] [  9   0   2   0  34] [  9   0 278  14 378] [  0   0  44  75   1] [ 16   0   0   0 196]]
1006;Tue Jun 20 13:48:39 2017;1/5.;softmax;5;73.42;57.76;81.06;60.72;rnn_extracted;[[407   0  51   3   9] [ 12   0  22   0  11] [  8   0 666   5   0] [  0   0  39  81   0] [ 30   0  99   0  83]]
1006;Tue Jun 20 13:50:19 2017;2/5.;fc1;5;77.79;59.16;71.33;56.21;rnn_extracted;[[365   0  13   0  60] [  1   0  11   0  29] [  9   0 335   1  77] [  0   0 187 121   0] [ 20   0   4   0 204]]
1006;Tue Jun 20 13:50:52 2017;2/5.;fc2;5;78.83;61.07;75.23;60.02;rnn_extracted;[[358   0  14   1  65] [  2   0  15   0  24] [  9   0 361   5  47] [  0   0 157 151   0] [  5   0  12   0 211]]
1006;Tue Jun 20 13:52:25 2017;2/5.;conv3;5;66.58;54.61;71.19;59.09;rnn_extracted;[[366  10  19   2  41] [  2   4  10   0  25] [ 10   8 323   4  77] [  0   0 162 142   4] [  7  29   4   0 188]]
1006;Tue Jun 20 13:53:00 2017;2/5.;softmax;5;78.51;58.03;66.53;48.87;rnn_extracted;[[360   0  49   3  26] [  2   0  36   0   3] [  8   0 397   9   8] [  1   0 143 163   1] [  1   0 191   0  36]]
1008;Tue Jun 20 13:59:48 2017;1/5.;fc1;5;72.44;60.37;71.30;59.31;rnn_extracted;[[425   1   5  17  22] [ 12   4   0   0  29] [ 11  81 391   9 187] [  0   0  39  81   0] [ 24   0   1   0 187]]
1008;Tue Jun 20 14:00:17 2017;1/5.;fc2;5;73.21;62.05;79.36;65.54;rnn_extracted;[[366   2  10  25  67] [ 10   6   1   0  28] [  6   8 550   7 108] [  0   0  38  82   0] [  1   1   3   0 207]]
1008;Tue Jun 20 14:01:42 2017;1/5.;conv3;5;75.23;65.32;64.68;53.70;rnn_extracted;[[397   1   7  27  38] [ 11   0   0   0  34] [ 10   3 299  26 341] [  0   0  13 106   1] [ 23   1   3   0 185]]
1008;Tue Jun 20 14:02:12 2017;1/5.;softmax;5;74.04;58.22;82.70;63.14;rnn_extracted;[[361   0  37  41  31] [ 17   0  13   2  13] [ 17   0 647  10   5] [  0   0  37  83   0] [ 25   0  16   0 171]]
1008;Tue Jun 20 14:03:56 2017;2/5.;fc1;5;79.55;66.14;68.68;52.52;rnn_extracted;[[406   5   8   2  17] [ 21   6   6   0   8] [  9  20 375   2  16] [  0   0 150 158   0] [136  41   9   0  42]]
1008;Tue Jun 20 14:04:29 2017;2/5.;fc2;5;85.26;68.58;72.72;59.97;rnn_extracted;[[386   8  15   1  28] [  6   6  13   0  16] [  4   7 383   0  28] [  0   0 168 140   0] [ 59  13  26   0 130]]
1008;Tue Jun 20 14:06:00 2017;2/5.;conv3;5;79.03;66.10;69.10;56.32;rnn_extracted;[[378  14  20   1  25] [  6  16  13   0   6] [  2   0 388  10  22] [  0   0 153 155   0] [ 88  64  20   0  56]]
1008;Tue Jun 20 14:06:34 2017;2/5.;softmax;5;81.91;62.92;76.55;60.50;rnn_extracted;[[378   0  14   2  44] [  1   0  15   0  25] [  2   0 384   5  31] [  0   0 173 135   0] [ 16   0   9   0 203]]
1010;Tue Jun 20 14:25:23 2017;1/5.;fc1;5;77.31;62.21;78.37;62.76;rnn_extracted;[[390   0   7  19  54] [  1   0   3   0  41] [  4   0 486  28 161] [  0   0   8 112   0] [  3   0   1   0 208]]
1010;Tue Jun 20 14:25:52 2017;1/5.;fc2;5;80.72;65.01;81.78;64.47;rnn_extracted;[[412   0   6  23  29] [  6   0   0   0  39] [  4   0 530  20 125] [  0   0  14 106   0] [ 11   0   1   0 200]]
1010;Tue Jun 20 14:27:13 2017;1/5.;conv3;5;73.70;64.54;66.12;56.17;rnn_extracted;[[397   2  12  36  23] [ 10   5   2   0  28] [ 13  14 344  31 277] [  0   0  19 101   0] [ 46   2   2   0 162]]
1010;Tue Jun 20 14:27:43 2017;1/5.;softmax;5;78.64;63.53;82.24;62.83;rnn_extracted;[[357   0  32  59  22] [ 10   0  14   1  20] [  2   0 636  33   8] [  0   0  13 107   0] [ 31   0  26   0 155]]
1010;Tue Jun 20 14:29:15 2017;2/5.;fc1;5;62.58;51.23;68.13;54.31;rnn_extracted;[[338   0  21   0  79] [  1   0  10   0  30] [  6   0 299   0 117] [  0   0 186 122   0] [  0   0   8   0 220]]
1010;Tue Jun 20 14:29:43 2017;2/5.;fc2;5;79.36;61.55;76.97;61.66;rnn_extracted;[[361   0  34   3  40] [  2   0  20   0  19] [ 11   0 386  11  14] [  0   0 106 202   0] [ 17   0  54   0 157]]
1010;Tue Jun 20 14:31:06 2017;2/5.;conv3;5;59.90;50.06;73.90;61.26;rnn_extracted;[[376   8  36   0  18] [  3   4  18   0  16] [ 10   3 380   2  27] [  1   0 161 146   0] [  9  19  44   0 156]]
1010;Tue Jun 20 14:31:36 2017;2/5.;softmax;5;74.31;52.17;62.35;43.50;rnn_extracted;[[351   0  59   2  26] [  0   0  36   0   5] [  9   0 405   7   1] [  2   0 183 123   0] [  0   0 211   0  17]]
1010;Tue Jun 20 14:33:09 2017;3/5.;fc1;5;81.32;66.96;63.25;41.57;rnn_extracted;[[660  14  15  13 108] [  4   3   2   0  21] [  6  29 117   1 192] [ 11   0 140  23   0] [  6   4  18   0 202]]
1010;Tue Jun 20 14:33:37 2017;3/5.;fc2;5;84.21;69.64;59.72;34.55;rnn_extracted;[[669   1   6   8 126] [  2   0   1   0  27] [  9  18  62   2 254] [ 36   0 107  15  16] [ 14   3  10   0 203]]
1010;Tue Jun 20 14:35:01 2017;3/5.;conv3;5;82.44;65.28;64.82;41.32;rnn_extracted;[[654   6  50  22  78] [  7   2   9   0  12] [  7  19 214   0 105] [ 11   0 148  10   5] [ 31  29  20   0 150]]
1010;Tue Jun 20 14:35:30 2017;3/5.;softmax;5;77.52;60.14;52.05;29.23;rnn_extracted;[[540   0  35  25 210] [  1   0   3   0  26] [  2   0  64   0 279] [  0   0 169   0   5] [  3   0   4   0 223]]
1010;Tue Jun 20 14:36:56 2017;4/5.;fc1;5;82.11;64.03;65.74;47.28;rnn_extracted;[[566   0 129   1  30] [ 18   0  68   0  22] [ 67   0 851  44  23] [  4   0  44 350   0] [197   0 280   0  12]]
1010;Tue Jun 20 14:37:23 2017;4/5.;fc2;5;81.91;63.69;65.48;46.15;rnn_extracted;[[578   0 144   2   2] [ 17   0  86   0   5] [ 81   0 807  94   3] [  4   0  11 383   0] [186   0 299   0   4]]
1010;Tue Jun 20 14:38:37 2017;4/5.;conv3;5;72.35;57.74;64.71;47.98;rnn_extracted;[[523   0 171   7  25] [ 24   0  64   0  20] [ 68   0 832  57  28] [ 12   0  35 351   0] [200   0 244   0  45]]
1010;Tue Jun 20 14:39:05 2017;4/5.;softmax;5;70.12;48.66;64.75;50.50;rnn_extracted;[[457   0 230   9  30] [  9   0  69   0  30] [ 28   0 803 121  33] [  1   0  13 384   0] [ 81   0 298   2 108]]
1010;Tue Jun 20 14:40:29 2017;5/5.;fc1;5;73.07;56.14;47.37;37.93;rnn_extracted;[[495   0   8   0   9] [ 30   0   5   1  17] [293   0 280 129 266] [355   0   0 304   0] [266   0  51   0 208]]
1010;Tue Jun 20 14:40:56 2017;5/5.;fc2;5;75.16;58.08;50.53;42.03;rnn_extracted;[[465   3  15   0  29] [ 25   2   6   1  19] [283   8 338 122 217] [316   0   0 343   0] [231   9  60   0 225]]
1010;Tue Jun 20 14:42:13 2017;5/5.;conv3;5;68.22;52.87;44.76;36.62;rnn_extracted;[[484   2  12   6   8] [ 31   2   7   0  13] [311  46 309  82 220] [367   0  37 255   0] [305  14  40   0 166]]
1010;Tue Jun 20 14:42:42 2017;5/5.;softmax;5;76.15;59.53;51.90;41.56;rnn_extracted;[[446   0  25   0  41] [ 18   0  12   0  23] [253   0 479  25 211] [327   0  65 264   3] [227   0  77   0 221]]
1012;Wed Jun 21 14:57:02 2017;1/5.;pure_rnn_do;300;88.78;80.97;85.77;76.32;6;[[3503   16   66   22   90] [ 111   94   39    1   59] [ 110   53 4060  304  302] [  32    0  422 2164   11] [ 156   38   77    2 1702]]
1012;Wed Jun 21 14:59:14 2017;2/5.;pure_rnn_do;300;84.42;74.66;86.20;76.80;6;[[3275   97  104   45  160] [  49  113   76    0  100] [  70   52 4365  299  347] [  11    0  261 1681   14] [  34   18  113    7 2166]]
1012;Wed Jun 21 15:01:33 2017;3/5.;pure_rnn_do;300;86.46;78.15;88.25;78.34;6;[[3837   65  131   19   90] [  82   96   69    0   48] [ 116   40 4170  335  143] [  62    0  145 1912   12] [  95   33   94    0 1845]]
1012;Wed Jun 21 15:05:07 2017;4/5.;pure_rnn_do;300;88.14;79.04;81.50;71.34;6;[[3469   52  142   22   97] [  92   98   66    3  106] [ 215   86 3776  356  345] [  75   11  332 2282   15] [ 177   31  233   31 1333]]
1012;Wed Jun 21 15:07:26 2017;5/5.;pure_rnn_do;300;85.50;73.80;84.57;74.42;6;[[3997   41  154   30  120] [  73  104  107    0   45] [  60   20 4299  241  121] [  18    1  438 1705    8] [ 190   39  356   12 1258]]
1013;Wed Jun 21 15:09:58 2017;1/5.;pure_rnn_do;300;88.70;80.71;85.98;77.59;6;[[3468   49   83   14   83] [  91  132   38    0   43] [ 133   89 4140  255  212] [  54    0  422 2149    4] [ 160   56   93    4 1662]]
1013;Wed Jun 21 15:11:45 2017;2/5.;pure_rnn_do;300;84.14;76.06;86.45;77.50;6;[[3255  145  128   64   89] [  44  144   72    0   78] [  73   79 4428  348  205] [   8    0  214 1741    4] [  58   46  129   40 2065]]
1013;Wed Jun 21 15:14:47 2017;3/5.;pure_rnn_do;300;87.51;78.80;88.79;78.89;6;[[3828   94  123   19   78] [  59  113   69    0   54] [  86   69 4284  220  145] [  26    0  208 1860   37] [  64   47  109    0 1847]]
1013;Wed Jun 21 15:17:02 2017;4/5.;pure_rnn_do;300;88.00;79.85;80.22;71.10;6;[[3419   80  149   18  116] [  89  123   46    1  106] [ 260  116 3718  326  358] [ 100    1  369 2180   65] [ 212   32  211    5 1345]]
1013;Wed Jun 21 15:20:18 2017;5/5.;pure_rnn_do;300;84.97;77.10;85.21;76.53;6;[[3983  108   85   19  147] [  48  199   43    3   36] [  87  102 4357   82  113] [  10    0  582 1575    3] [ 163  142  199   15 1336]]
1015;Wed Jun 21 15:25:55 2017;1/5.;pure_rnn_do;300;89.03;81.75;86.12;77.51;6;[[3469   43   84   14   87] [  81  131   42    0   50] [  74   77 4226  243  209] [  28    0  511 2088    2] [  95   79  142    4 1655]]
1015;Wed Jun 21 15:29:55 2017;2/5.;pure_rnn_do;300;84.96;77.14;86.13;77.95;6;[[3256  135  110   63  117] [  30  157   71    0   80] [  66   81 4300  395  291] [   9    0  169 1772   17] [  35   37  140   21 2105]]
1015;Wed Jun 21 15:33:40 2017;3/5.;pure_rnn_do;300;87.53;79.30;88.30;79.22;6;[[3757   87  163   18  117] [  54  123   72    0   46] [  51   55 4218  312  168] [  22    1  164 1909   35] [  53   46  108    0 1860]]
1015;Wed Jun 21 15:38:01 2017;4/5.;pure_rnn_do;300;88.12;79.94;81.09;72.12;6;[[3338  144  189   23   88] [  70  140   70    1   84] [ 182  128 3900  281  287] [  74    1  410 2210   20] [ 176   34  275    6 1314]]
1015;Wed Jun 21 15:43:03 2017;5/5.;pure_rnn_do;300;85.89;77.73;84.97;75.99;6;[[3880  125  115   54  168] [  32  192   64    5   36] [  58  107 4311  160  105] [   7    4  475 1680    4] [ 100  162  221   17 1355]]
1016;Wed Jun 21 15:45:26 2017;1/5.;pure_rnn_do;300;87.98;80.62;86.08;78.30;6;[[3440   75   84   17   81] [  65  168   39    0   32] [  99  112 4048  363  207] [  42    0  327 2257    3] [ 115  102  102    5 1651]]
1017;Wed Jun 21 15:48:16 2017;1/5.;pure_rnn_do;300;87.98;80.67;86.09;78.31;6;[[3439   75   83   18   82] [  65  168   39    0   32] [  98  112 4050  362  207] [  42    0  327 2257    3] [ 115  102  102    5 1651]]
1017;Wed Jun 21 15:50:14 2017;2/5.;pure_rnn_do;300;83.04;75.57;85.12;77.37;6;[[3227  206   66   24  158] [  31  198   33    0   76] [  83  155 4173  309  413] [  16    0  219 1718   14] [  48   64   75   12 2139]]
1017;Wed Jun 21 15:53:08 2017;3/5.;pure_rnn_do;300;87.15;78.99;88.16;79.05;6;[[3749  133  140   14  106] [  44  145   54    0   52] [ 103   94 4264  200  143] [  28    1  212 1850   40] [  51   76  100    0 1840]]
1017;Wed Jun 21 15:55:08 2017;4/5.;pure_rnn_do;300;87.49;79.47;80.57;72.54;6;[[3288  243  146   21   84] [  57  191   48    0   69] [ 248  193 3799  325  213] [  74    2  364 2244   31] [ 202   52  237    4 1310]]
1017;Wed Jun 21 15:57:16 2017;5/5.;pure_rnn_do;300;84.72;76.75;84.57;75.57;6;[[3849  184  120   42  147] [  35  195   53    0   46] [  58  105 4179  266  133] [  15   15  349 1784    7] [ 130  149  200   19 1357]]
1018;Thu Jun 22 17:25:30 2017;1/10.;pure_rnn_do;300;84.00;67.99;75.20;60.23;6;[[   0  274    0   31   83] [   0 2339   77   68  187] [   0  236  641    0   59] [   0  244    0  530  240] [   0  134    0   20 1502]]
1018;Thu Jun 22 17:27:24 2017;2/10.;pure_rnn_do;300;82.88;66.92;78.48;63.12;6;[[   0  254    1   39   21] [   0 2284   38   71   86] [   0  370  611    4   25] [   0  249    0  658   45] [   0  184    1   45 1673]]
1018;Thu Jun 22 17:32:53 2017;1/5.;pure_rnn_do;300;83.88;74.12;84.82;74.49;6;[[4244  600  223  152   33] [ 214 2194    3   23    0] [ 122   17 1819  255   21] [  37    8   31 3065   23] [  83    1   82  112   77]]
1018;Thu Jun 22 17:35:44 2017;2/5.;pure_rnn_do;300;78.39;69.88;83.26;73.91;6;[[4014  807  282  130   86] [ 104 1910    2   17    0] [ 159   34 1863   91   17] [  69   56  149 3323   82] [  59    6   68   35   93]]
1018;Thu Jun 22 17:38:52 2017;3/5.;pure_rnn_do;300;84.34;75.42;84.70;73.70;6;[[3643  509  359  257   65] [ 154 2020   50   36    0] [  74    4 1725  124   52] [  55   35   61 3922   20] [  57    1   80   62   68]]
1018;Thu Jun 22 17:41:50 2017;4/5.;pure_rnn_do;300;86.81;77.06;77.24;66.88;6;[[3422  831  378  326   44] [ 248 2341   15  105    6] [ 269   26 1265  239   12] [ 107   22  108 3291   31] [  97    5  104   87   66]]
1018;Thu Jun 22 17:44:05 2017;5/5.;pure_rnn_do;300;81.77;70.03;84.22;74.00;6;[[4065  502  203  150   36] [ 235 1910    2   23    0] [ 204   32 1407  170   39] [  81   54  121 3842   40] [ 104    7   67   50   93]]
1019;Fri Jun 23 00:01:31 2017;1/5.;pure_rnn_do;300;88.00;80.70;86.10;78.32;6;[[3437   75   85   17   83] [  66  167   40    0   31] [  98  111 4055  361  204] [  42    0  329 2255    3] [ 115  100  102    5 1653]]
1019;Fri Jun 23 00:03:12 2017;2/5.;pure_rnn_do;300;83.01;75.63;84.87;76.91;6;[[3220  204   80   37  140] [  33  199   43    0   63] [  85  164 4232  332  320] [  12    0  226 1719   10] [  58   90  112   27 2051]]
1019;Fri Jun 23 00:05:09 2017;3/5.;pure_rnn_do;300;86.91;78.85;88.52;79.70;6;[[3837  107  126   17   55] [  63  155   40    0   37] [ 105  118 4202  241  138] [  27    1  185 1876   42] [  69   85   87    0 1826]]
1019;Fri Jun 23 00:06:30 2017;4/5.;pure_rnn_do;300;87.05;78.82;79.67;71.10;6;[[3222  200  215   23  122] [  60  168   45    1   91] [ 208  187 3872  245  266] [  86    2  452 2146   29] [ 184   72  237    9 1303]]
1019;Fri Jun 23 00:08:04 2017;5/5.;pure_rnn_do;300;84.30;76.60;82.99;73.74;6;[[3734  218  179   48  163] [  33  186   60    4   46] [  41  107 4327  166  100] [  10    2  600 1558    0] [ 114  142  229   23 1347]]
1019;Fri Jun 23 00:10:54 2017;1/5.;pure_rnn_do;300;88.27;80.79;85.05;76.65;6;[[3485   54   71   18   69] [  79  163   24    0   38] [ 136  149 3989  339  216] [  44    1  408 2169    7] [ 116  154   82    3 1620]]
1019;Fri Jun 23 00:12:43 2017;2/5.;pure_rnn_do;300;84.30;76.71;86.13;78.01;6;[[3197  194   98   37  155] [  35  181   44    0   78] [  87  118 4388  247  293] [  13    0  262 1681   11] [  46   50   88   10 2144]]
1025;Fri Jun 23 10:57:22 2017;1/10.;pure_rnn_do;300;85.92;78.93;85.42;77.26;6;[[1794  133   39    9    3] [  30  113    6    2    8] [  36  102 2014  267   60] [  11    0   90  932    0] [  50   88   19   19  842]]
1025;Fri Jun 23 11:02:33 2017;2/10.;pure_rnn_do;300;87.07;79.56;86.53;78.92;6;[[1741   80   36   14   41] [  12  125   19    0   78] [  47   80 2111  215  114] [   4    1   59  866    1] [  14   52   17   13  921]]
1025;Fri Jun 23 11:04:54 2017;3/10.;pure_rnn_do;300;86.38;79.04;84.47;76.31;6;[[1847  184   53   19   22] [  17   96   13    0    8] [  79   84 1906  209   78] [  22    1  132 1031    0] [  32   36   46    0  751]]
1025;Fri Jun 23 11:08:15 2017;4/10.;pure_rnn_do;300;83.94;77.68;89.00;80.55;6;[[1790   52   17   11   14] [  18   92    2    0   13] [  27  140 2017  122  141] [   4    2  125  950    1] [   2   47    6    0 1172]]
1025;Fri Jun 23 11:10:11 2017;5/10.;pure_rnn_do;300;86.17;77.62;80.63;73.54;6;[[1711  281   28    5   86] [  20  167    8    0   19] [  69  175 1976  134   73] [   6   18  147  848   24] [  82  108   28    0  755]]
1025;Fri Jun 23 11:13:48 2017;6/10.;pure_rnn_do;300;87.64;79.13;87.94;79.18;6;[[1527  104   44   33   62] [   0   91   13    0    6] [  16   97 2147  160   40] [   1    0   82 1159    0] [   2   95   62    0 1031]]
1025;Fri Jun 23 11:17:27 2017;7/10.;pure_rnn_do;300;83.41;77.77;81.03;71.66;6;[[1911   95   41   14  124] [  14   77   11    0   30] [  14   85 1469  235  294] [   7    2   96 1086   18] [  44  119   22    0  860]]
1025;Fri Jun 23 11:20:04 2017;8/10.;pure_rnn_do;300;80.26;73.82;72.15;65.13;6;[[1318  157   49   17  115] [   9  103    5    2   80] [  89  226 1393  257  412] [  37    3  155 1242   45] [  21   71   26   87  771]]
1025;Fri Jun 23 11:24:04 2017;9/10.;pure_rnn_do;300;86.81;79.32;84.15;78.09;6;[[1459   80   95   25   39] [  12  101   21    0   33] [  15   48 2279  401   36] [   5    1  138 1127    0] [   2   18  105    0  738]]
1025;Fri Jun 23 11:27:07 2017;10/10.;pure_rnn_do;300;86.44;78.76;82.66;72.93;6;[[1989  119   49   25  143] [  12   96   12    6   31] [  24  102 1907  147  116] [   5   16  146  964    2] [   8   78   99   35  646]]
1025;Fri Jun 23 11:28:31 2017;1/10.;pure_rnn_do;300;88.82;79.61;86.71;75.86;6;[[1877   18   68    9    6] [  72   38   38    0   11] [  94   14 2194  125   52] [  17    0  155  861    0] [ 136   15   52    4  811]]
1025;Fri Jun 23 11:30:23 2017;2/10.;pure_rnn_do;300;89.84;80.60;87.33;75.87;6;[[1792   12   64   21   23] [  46   43   89    0   56] [  57   11 2271  181   47] [   8    0   83  840    0] [  57   13   56   20  871]]
1025;Fri Jun 23 11:32:07 2017;3/10.;pure_rnn_do;300;89.77;81.70;86.50;76.48;6;[[1972   29   92   11   21] [  30   39   55    0   10] [ 107   19 2017  141   72] [  40    0  159  987    0] [  33   11   70    0  751]]
1025;Fri Jun 23 11:34:54 2017;4/10.;pure_rnn_do;300;87.42;79.83;91.77;83.06;6;[[1837    5   28    4   10] [  38   50   21    0   16] [  40   20 2265   65   57] [   3    0  174  904    1] [   7   15   53    0 1152]]
1025;Fri Jun 23 11:37:12 2017;5/10.;pure_rnn_do;300;89.39;79.01;85.76;77.62;6;[[1900   76   61    9   65] [  43   94   54    0   23] [  56   32 2203  110   26] [   7    0  149  884    3] [ 121    7  122    0  723]]
1025;Fri Jun 23 11:39:02 2017;6/10.;pure_rnn_do;300;87.59;78.52;86.19;77.73;6;[[1585   43   52   44   46] [   5   61   38    0    6] [  19   24 2062  327   28] [   1    0   75 1166    0] [  14   69  143    1  963]]
1025;Fri Jun 23 11:44:12 2017;7/10.;pure_rnn_do;300;88.13;80.94;80.88;71.35;6;[[1961   22   32    6  164] [  34   41   16    0   41] [  56   26 1547   62  406] [  11    0  220  929   49] [  92   24   14    0  915]]
1025;Fri Jun 23 11:47:24 2017;8/10.;pure_rnn_do;300;83.57;76.15;77.97;69.49;6;[[1467   27   54    6  102] [  23   59   14    1  102] [ 153   60 1636  159  369] [  52    0  138 1252   40] [  62   17   61   34  802]]
1025;Fri Jun 23 11:51:12 2017;9/10.;pure_rnn_do;300;90.76;82.63;87.03;78.75;6;[[1542   25  106   11   14] [  18   57   50    0   42] [   9   10 2571  158   31] [   3    0  264 1004    0] [   3    2  133    0  725]]
1025;Fri Jun 23 11:52:52 2017;10/10.;pure_rnn_do;300;88.06;79.28;82.79;71.77;6;[[1957   10  110   57  191] [  49   36   37    2   33] [  80   19 2024   81   92] [  14    0  222  895    2] [  37   14   95   21  699]]
1034;Mon Jun 26 14:24:44 2017;1/5.;cnn3adam_filter;300;85.61;73.73;85.60;75.21;scaled_per_epoch;[[3315   29   62   17   57] [  58   89   92    3  112] [  87   40 4231  530  170] [   8    1  285 2193    2] [  95   60  194   33 1677]]
1039;Tue Jun 27 18:15:43 2017;1/5.;cnn3adam_filter;300;87.16;77.54;86.80;76.83;not weighted;[[3348   31   51   22   28] [  75  117   70    0   92] [  95   61 4333  426  143] [   6    0  224 2259    0] [ 150  116  176    8 1609]]
1039;Tue Jun 27 18:47:19 2017;2/5.;cnn3adam_filter;300;83.72;75.53;84.61;74.66;not weighted;[[3350  114   96    8  107] [  37  155   47    0   52] [  57  226 4461  313  188] [   2    0  235 1582    2] [  55  287  245    0 1838]]
1039;Tue Jun 27 19:38:05 2017;3/5.;cnn3adam_filter;300;88.70;79.05;85.02;72.97;not weighted;[[4144   35   91   38   90] [  78   76   47    0   80] [ 115   48 4034  126  290] [  41    0  368 1864    1] [ 311   92  162    0 1305]]
1039;Tue Jun 27 20:11:38 2017;4/5.;cnn3adam_filter;300;86.16;76.09;82.62;72.19;not weighted;[[3329   98  131   38  130] [  22   98   84    3  126] [ 151   44 4023  256  272] [  99    0  379 2287   19] [  96   72  302   15 1371]]
1039;Tue Jun 27 20:51:19 2017;5/5.;cnn3adam_filter;300;86.11;75.31;81.41;71.36;not weighted;[[3867   67  185    6  245] [  78  107   81    0  106] [ 273   68 3984   42  256] [  56    1  678 1499   10] [ 144   52  150    0 1484]]
0;Sun Jul  9 12:54:41 2017;1/5.;ann;250;82.69;74.30;81.96;73.65;all;[[2998  250   73   17  142] [  34  201   26    2   91] [ 144  194 4040  517  163] [  98    1  260 2122    8] [  76  197   98   33 1655]]
0;Sun Jul  9 13:01:36 2017;2/5.;ann;250;78.66;71.91;82.04;73.20;all;[[3128  315   62   60  110] [  19  180   19    1   72] [ 139  225 4031  382  468] [  33    1  160 1613   14] [  45  215   69    8 2088]]
0;Sun Jul  9 13:06:51 2017;3/5.;ann;250;81.93;74.09;81.42;72.34;all;[[3899  282   52   45  120] [  24  184   10    1   62] [ 193  246 3279  470  425] [  73    1  143 2025   32] [  71  218   22    6 1553]]
0;Sun Jul  9 13:12:05 2017;4/5.;ann;250;82.46;73.94;77.28;69.55;all;[[3081  372   98   98   77] [  25  215   14    2   77] [ 225  330 3281  587  323] [ 105    8  240 2414   17] [  87  198  130   42 1399]]
0;Sun Jul  9 13:16:08 2017;5/5.;ann;250;79.35;70.69;78.57;69.03;all;[[3705  385   69   58  153] [  39  244   32    0   57] [ 205  288 3719  259  152] [  52   23  287 1870   12] [ 231  421   96   61 1021]]
1057;Sun Jul  9 13:40:20 2017;1/5.;cnn3adam_filter;300;86.09;76.46;85.16;74.02;balanced;[[3239   74   67   31   69] [  47  100   86    0  121] [  66   78 4361  439  114] [   7    0  215 2267    0] [ 151  127  301    2 1478]]
1057;Sun Jul  9 13:50:08 2017;2/5.;cnn3adam_filter;300;80.86;72.37;83.03;72.42;balanced;[[3104   78  146   45  302] [  14   79   41    0  157] [  25   72 4090  587  471] [   0    0   94 1727    0] [  25   76  140   11 2173]]
1057;Sun Jul  9 14:08:36 2017;3/5.;cnn3adam_filter;300;88.07;78.28;84.08;72.40;balanced;[[3905   84  149   38  222] [  31   82   51    0  117] [  57   55 3938  156  407] [  29    0  334 1908    3] [ 188  113  105    0 1464]]
1057;Sun Jul  9 14:23:46 2017;4/5.;cnn3adam_filter;300;85.07;74.35;81.50;69.99;balanced;[[3293   56  157   45  175] [  18   60   61    1  193] [ 161   41 3666  499  379] [ 106    2  228 2444    4] [ 111   34  206   10 1495]]
1057;Sun Jul  9 14:34:31 2017;5/5.;cnn3adam_filter;300;85.04;74.87;80.99;71.66;balanced;[[3943  121  136    6  164] [  75  149   60    0   88] [ 396  148 3787   67  225] [  58    0  548 1631    7] [ 202  132  121    1 1374]]
1057;Sun Jul  9 14:45:05 2017;1/5.;cnn3adam_filter;300;86.57;76.13;85.87;74.58;balanced_l2;[[3158   60   68   45  149] [  37   85   38    0  194] [  46   70 4258  385  299] [   0    0  240 2247    2] [  76   82  101    7 1793]]
1057;Sun Jul  9 14:58:15 2017;2/5.;cnn3adam_filter;300;82.09;72.91;82.20;72.09;balanced_l2;[[3231   88  100   77  179] [  31   98   48    0  114] [  36  113 3978  725  393] [   0    0   94 1726    1] [  37  103  242   15 2028]]
1057;Sun Jul  9 15:08:25 2017;3/5.;cnn3adam_filter;300;85.08;75.71;80.52;69.55;balanced_l2;[[3897  126  117  111  147] [  56  101   14    0  110] [  88   88 3436  243  758] [  34    0  214 2021    5] [ 292  172   42    0 1364]]
1057;Sun Jul  9 15:18:10 2017;4/5.;cnn3adam_filter;300;82.58;71.86;80.16;69.94;balanced_l2;[[3173  116  103  116  218] [  32  113   45    0  143] [ 186  146 3602  511  301] [  78    7  190 2505    4] [ 147  136  188    1 1384]]
1058;Sun Jul  9 15:39:08 2017;1/5.;cnn3adam_filter;300;87.08;77.18;87.22;76.48;balanced;[[3352   20   44   14   50] [  91   87   27    0  149] [ 154   48 4316  280  260] [  19    0  295 2172    3] [ 121   56   85    1 1796]]
1058;Sun Jul  9 15:58:21 2017;2/5.;cnn3adam_filter;300;84.15;75.93;84.27;74.44;balanced;[[3245  123  156   21  130] [  31  146   55    0   59] [  45  217 4467  311  205] [   0    2  229 1590    0] [  50  228  251    4 1892]]
1058;Sun Jul  9 16:31:02 2017;3/5.;cnn3adam_filter;300;87.65;78.55;83.11;71.69;balanced;[[4007   89  152   33  117] [  61   88   31    0  101] [  91   90 3815  117  500] [  41    0  411 1813    9] [ 234  106   86    0 1444]]
1058;Sun Jul  9 16:47:07 2017;4/5.;cnn3adam_filter;300;86.58;75.83;81.33;70.02;balanced;[[3199   58  182   84  203] [  21   59   76    3  174] [ 146   27 3788  516  269] [  88    0  270 2418    8] [ 100   17  257   11 1471]]
1058;Sun Jul  9 16:58:17 2017;5/5.;cnn3adam_filter;300;84.03;75.13;78.35;70.06;balanced;[[3630  222  233   21  264] [  45  222   30    1   74] [ 260  355 3650   88  270] [  16    6  505 1704   13] [ 175  282   48    1 1324]]
1058;Sun Jul  9 17:12:27 2017;1/5.;cnn3adam_filter;300;86.45;76.40;85.42;73.49;balanced_l2;[[3182   61   48   37  152] [  33   66   46    0  209] [  67   46 4203  479  263] [   5    0  216 2268    0] [  85   43  152   18 1761]]
1058;Sun Jul  9 17:26:30 2017;2/5.;cnn3adam_filter;300;83.14;73.73;84.11;73.61;balanced_l2;[[3115  101  115   34  310] [  25   99   44    0  123] [  42   96 4435  305  367] [   2    1  178 1635    5] [  21  130  238    1 2035]]
1058;Sun Jul  9 17:41:03 2017;3/5.;cnn3adam_filter;300;86.18;76.63;83.89;72.06;balanced_l2;[[3888  134  134   70  172] [  35   87   40    0  119] [  47   92 3815  226  433] [  31    0  249 1993    1] [ 127  137  118    0 1488]]
1058;Sun Jul  9 17:58:11 2017;4/5.;cnn3adam_filter;300;84.72;73.16;82.18;69.09;balanced_l2;[[3450   17  105   45  109] [  73   37   43    1  179] [ 230   56 3718  301  441] [ 139    1  299 2297   48] [ 152   25  130    2 1547]]
1058;Sun Jul  9 18:16:01 2017;5/5.;cnn3adam_filter;300;84.87;74.29;80.19;69.88;balanced_l2;[[3818  103  130   20  299] [  92  112   72    0   96] [ 335  106 3794  114  274] [  41    4  517 1665   17] [ 229  106  106    1 1388]]
1058;Sun Jul  9 18:56:58 2017;1/5.;cnn3adam_filter;300;86.60;76.77;85.73;75.01;l2;[[3205   43   75   24  133] [  36   90   67    0  161] [  45   60 4352  351  250] [   4    0  300 2182    3] [  63   55  241    7 1693]]
1058;Sun Jul  9 19:26:39 2017;2/5.;cnn3adam_filter;300;82.71;73.85;82.70;72.62;l2;[[3285  102  122   30  136] [  47  131   58    0   55] [  55  166 4331  399  294] [   0    3  194 1621    3] [  83  246  329    6 1761]]
1058;Sun Jul  9 20:02:23 2017;3/5.;cnn3adam_filter;300;86.78;77.09;83.46;72.17;l2;[[3970  110  186   35   97] [  54   98   44    0   85] [  74   74 3983   77  405] [  29    0  480 1756    9] [ 175  140  148    0 1407]]
1058;Sun Jul  9 20:49:09 2017;4/5.;cnn3adam_filter;300;84.71;72.23;82.46;68.48;l2;[[3449   20   56   23  178] [  58   25   46    0  204] [ 193   26 3755  307  465] [ 132    0  357 2282   13] [ 120    8  151    1 1576]]
1058;Sun Jul  9 21:59:08 2017;5/5.;cnn3adam_filter;300;85.56;75.97;82.17;72.64;l2;[[3927   82  190   11  160] [  58  140   98    1   75] [ 251   86 3979   73  234] [  60    1  540 1635    8] [ 140  127  201    0 1362]]
1059;Mon Jul 10 11:10:45 2017;1/5.;pure_rnn_do;300;87.54;80.45;85.06;77.67;6;[[3462   77   41   28   89] [  67  171   12    0   54] [ 155  149 3747  486  292] [  41    1  254 2325    8] [ 142   63   44    4 1722]]
1059;Mon Jul 10 11:14:39 2017;2/5.;pure_rnn_do;300;82.06;75.15;84.91;77.01;6;[[3171  202   80   74  154] [  34  189   30    0   85] [  82  149 4150  378  374] [  10    1  195 1751   10] [  42   51   57   23 2165]]
1059;Mon Jul 10 11:21:28 2017;3/5.;pure_rnn_do;300;87.26;79.10;87.48;78.97;6;[[3858  106   77   17   84] [  60  151   27    1   56] [ 161  130 3933  378  202] [  66    1  130 1925    9] [  84   49   45    0 1889]]
1059;Mon Jul 10 11:25:25 2017;4/5.;pure_rnn_do;300;86.28;78.60;78.21;70.10;6;[[3215  207  165   62  133] [  49  174   43    5   94] [ 180  214 3366  664  354] [  42    1  211 2419   42] [ 188   59  183   34 1341]]
1059;Mon Jul 10 11:29:04 2017;5/5.;pure_rnn_do;300;83.20;76.15;82.09;72.99;6;[[3710  279  114   59  180] [  37  209   44    6   33] [  68  198 3978  329  168] [  15    3  353 1797    2] [ 176  206  117   20 1336]]
1061;Mon Jul 10 12:38:21 2017;1/5.;pure_rnn_do;300;86.21;79.12;83.25;75.72;6;[[3252  231   75   26  113] [  28  220   16    0   40] [ 124  254 3719  456  276] [  47    2  274 2277   29] [  47  139   63   10 1716]]
1061;Mon Jul 10 12:56:19 2017;2/5.;pure_rnn_do;300;81.84;74.71;83.04;75.53;6;[[3116  312   49   54  150] [  20  233    8    0   77] [  68  284 3937  299  545] [   9    3  205 1730   20] [  33   83   31   32 2159]]
1061;Mon Jul 10 13:05:39 2017;3/5.;pure_rnn_do;300;83.28;75.39;84.96;76.53;6;[[3748  213   77   12   92] [  39  189   13    0   54] [ 147  251 3658  525  223] [  34    2  108 1943   44] [  50   93   41    3 1880]]
1061;Mon Jul 10 13:14:08 2017;4/5.;pure_rnn_do;300;85.56;77.74;77.61;69.80;6;[[3080  374  159   24  145] [  36  224   39    1   65] [ 266  330 3615  292  275] [  95   25  374 2212    9] [ 176  148  141   36 1304]]
1061;Mon Jul 10 13:31:16 2017;5/5.;pure_rnn_do;300;81.80;74.87;80.63;71.63;6;[[3664  366  124   34  154] [  20  244   34    0   31] [  54  270 4029  229  159] [  24   11  514 1617    4] [ 122  325  121    7 1280]]
1063;Mon Jul 10 14:07:48 2017;1/5.;cnn3adam_filter;300;87.30;78.13;86.79;76.29;balanced;[[3202   60   81   30  107] [  31  110   43    0  170] [  44   75 4396  275  268] [   3    1  285 2200    0] [  64  110  123    5 1757]]
1063;Mon Jul 10 14:45:55 2017;2/5.;cnn3adam_filter;300;83.60;73.61;83.70;71.64;balanced;[[3209   75  115   14  262] [  32   56   59    0  144] [  43   73 4278  485  366] [   2    0  169 1647    3] [  40   55  256    1 2073]]
1063;Mon Jul 10 15:12:12 2017;3/5.;cnn3adam_filter;300;87.66;77.65;84.75;72.84;balanced;[[3932   52  154  111  149] [  63   68   55    0   95] [  74   53 3928  200  358] [  34    0  304 1933    3] [ 160   72  112    0 1526]]
1063;Mon Jul 10 15:38:16 2017;4/5.;cnn3adam_filter;300;84.72;74.63;80.60;70.52;balanced;[[3347   78   92   49  160] [  38  102   29    0  164] [ 190  156 3456  433  511] [ 116    2  261 2359   46] [ 120   77   84    3 1572]]
1063;Mon Jul 10 16:02:21 2017;5/5.;cnn3adam_filter;300;84.29;74.19;82.11;73.05;balanced;[[3923  107  105   27  208] [  72  133   57    2  108] [ 469  111 3621  214  208] [  87    0  288 1862    7] [ 184   76   73    1 1496]]
1067;Mon Jul 10 17:16:51 2017;1/5.;fc1;35;88.45;79.18;87.64;77.48;rnn_extracted;[[3218   49  139   22   47] [  71   97   96    0   90] [  52   51 4385  448  122] [   4    0  195 2290    0] [  80   48  143    4 1784]]
1067;Mon Jul 10 17:36:49 2017;2/5.;fc1;35;86.79;77.00;86.06;75.51;rnn_extracted;[[3296   73  134   31  136] [  59   82   91    0   59] [  98   31 4583  443   90] [   3    0  181 1637    0] [  33   47  366    0 1979]]
1067;Mon Jul 10 17:57:12 2017;3/5.;fc1;35;89.48;80.99;86.59;76.41;rnn_extracted;[[4049   84  136   44   82] [  56  121   46    0   58] [  86   50 4006  210  259] [  47    0  235 1990    2] [ 197  139   70    0 1464]]
1068;Mon Jul 10 18:58:39 2017;1/5.;fc1;35;89.22;78.11;88.64;76.96;rnn_extracted;[[3265   23  116   22   49] [ 101   67   72    0  114] [  81   43 4494  313  127] [   3    0  246 2240    0] [  75   25  114    2 1843]]
1068;Mon Jul 10 19:16:29 2017;2/5.;fc1;35;86.23;78.01;85.73;76.37;rnn_extracted;[[3286  116  128   13  127] [  40  139   49    0   63] [  39  155 4374  494  183] [   4    0  186 1631    0] [  17  103  202    0 2103]]
1068;Mon Jul 10 19:34:55 2017;3/5.;fc1;35;88.61;81.38;86.77;76.17;rnn_extracted;[[4043  123  124   40   65] [  41  119   69    0   52] [  68   47 3937  313  246] [  45    0  173 2053    3] [ 127  163   78    0 1502]]
1068;Mon Jul 10 19:53:29 2017;4/5.;fc1;35;88.78;78.75;83.06;72.36;rnn_extracted;[[3462   19   99   30  113] [  82   63   49    0  139] [ 254   21 3597  575  297] [ 172    0  149 2461    2] [ 113   17  146    0 1580]]
1068;Mon Jul 10 20:11:13 2017;5/5.;fc1;35;86.80;76.79;83.80;75.55;rnn_extracted;[[3863  110  320   27   48] [  94  141   83    1   50] [ 355   56 4026  100   86] [  30    3  417 1794    0] [ 227   66  103    0 1434]]
1080;Tue Jul 11 13:57:58 2017;1/5.;cnn3adam_filter;30;85.48;75.29;85.24;74.82;balanced;[[3112   74   66   22  206] [  31  114   35    0  174] [  42  102 4238  376  300] [  19    1  246 2220    3] [  67  132   86    2 1772]]
1083;Tue Jul 11 14:43:26 2017;1/5.;cnn3adam_filter;30;80.58;70.99;78.19;68.71;balanced;[[2699  174   51   57  499] [   8  120   22    0  204] [  28  201 3564  767  498] [   4    1  135 2345    4] [  32  149   70   27 1781]]
1085;Tue Jul 11 15:25:44 2017;1/5.;cnn3adam_filter;30;87.08;74.62;84.21;72.15;balanced;[[3386   15   31    3   45] [  94   56   43    0  161] [ 304   40 4321  150  243] [ 166    1  473 1848    1] [ 256   22   73    1 1707]]
1085;Tue Jul 11 15:51:12 2017;2/5.;cnn3adam_filter;30;83.42;72.20;84.62;73.15;balanced;[[3175   62  142   49  247] [  44   66   63    0  118] [  54   46 4614  271  260] [   3    0  281 1530    7] [  37   40  342    4 2002]]
1085;Tue Jul 11 16:35:28 2017;1/5.;cnn3adam_filter;30;86.00;76.07;85.80;74.88;balanced;[[3108   45   36   28  263] [  42   77   39    0  196] [  94   31 4194  444  295] [   8    1  205 2271    4] [  78   24   68    7 1882]]
1085;Tue Jul 11 16:50:08 2017;1/5.;cnn3adam_filter;30;81.42;73.13;80.16;71.26;balanced;[[2577  217   90  136  460] [  12  170   31    0  141] [  16  173 4041  510  318] [   0    0  203 2283    3] [  26  198  106   26 1703]]
1085;Tue Jul 11 17:31:55 2017;1/5.;cnn3adam_filter;50;84.00;74.74;83.68;73.47;balanced;[[2935  117   51   39  338] [  20  101   25    0  208] [  49   79 3998  564  368] [   7    0  178 2302    2] [  41   55   43   10 1910]]
1085;Tue Jul 11 18:03:31 2017;1/5.;cnn3adam_filter;50;85.88;77.42;84.61;74.93;balanced;[[3065  145   44   25  201] [  24  136   26    0  168] [  59  139 4053  472  335] [  11    0  203 2273    2] [  44  114   45   11 1845]]
1085;Tue Jul 11 18:21:52 2017;2/5.;cnn3adam_filter;50;68.46;63.56;73.83;65.85;balanced;[[2683  207   22   61  702] [   9  152    1    0  129] [  28  580 3403  473  761] [   4    1  107 1603  106] [   8  313    9    1 2094]]
1085;Tue Jul 11 18:40:46 2017;3/5.;cnn3adam_filter;50;83.12;75.17;76.45;67.29;balanced;[[3234  425   82  137  520] [  21  176    8    1   75] [  59  311 3520  192  531] [  41    0  234 1978   21] [ 109  354   42    1 1364]]
1085;Tue Jul 11 18:59:39 2017;4/5.;cnn3adam_filter;50;79.45;70.30;76.20;67.05;balanced;[[3021  154   92   25  434] [  14  115    9    0  195] [ 178  177 3165  482  744] [ 111    3  187 2318  165] [ 101   85   43    1 1626]]
1085;Tue Jul 11 19:18:17 2017;5/5.;cnn3adam_filter;50;80.69;73.08;77.66;69.15;balanced;[[3524  222   65   16  543] [  32  165   27    1  147] [ 249  173 3465  125  611] [  54   17  385 1729   59] [ 154  101   21    0 1554]]
1086;Wed Jul 12 10:46:31 2017;1/5.;pure_rnn_do;50;85.90;77.84;82.45;74.85;6;[[3246  236   52   16  147] [  30  204   19    1   50] [ 198  249 3700  434  248] [  64    1  354 2205    5] [  45  113   84   11 1722]]
1086;Wed Jul 12 10:52:25 2017;2/5.;pure_rnn_do;50;79.94;73.53;83.79;75.86;6;[[3104  302   76   62  137] [  30  226   20    1   61] [  99  233 4070  493  238] [  14    1   92 1859    1] [  47  151   79   44 2017]]
1086;Wed Jul 12 10:58:16 2017;3/5.;pure_rnn_do;50;82.88;75.02;85.42;77.06;6;[[3681  251   95   21   94] [  33  201   17    0   44] [ 128  236 3788  429  223] [  27    2  114 1945   43] [  41  118   39    4 1865]]
1086;Wed Jul 12 11:04:04 2017;4/5.;pure_rnn_do;50;85.60;77.70;77.71;69.71;6;[[3095  357  193   39   98] [  47  205   32    8   73] [ 257  280 3548  373  320] [  70    6  309 2302   28] [ 210  106  155   36 1298]]
1086;Wed Jul 12 11:09:52 2017;5/5.;pure_rnn_do;50;80.19;73.63;77.74;69.30;6;[[3326  439  320  173   84] [  21  218   49    9   32] [  44  269 3728  590  110] [   9   17  201 1939    4] [  71  297  178   74 1235]]
1087;Wed Jul 12 12:06:35 2017;1/5.;pure_rnn_do;50;85.90;77.84;82.47;74.86;6;[[3246  236   52   16  147] [  30  204   19    1   50] [ 198  249 3701  433  248] [  64    1  353 2206    5] [  45  113   84   11 1722]]
1092;Wed Jul 12 15:54:31 2017;1/5.;fc1;5;67.71;56.95;67.61;58.66;rnn_extracted;[[2666  252  335   78  144] [  41  103   77    0  133] [ 583  146 3165  672  492] [ 258    0  141 2090    0] [ 196  240  549   14 1060]]
1093;Wed Jul 12 16:09:39 2017;1/5.;fc1;2;58.74;50.25;54.45;48.10;rnn_extracted;[[2567  312  348  208   40] [  61  151   60    0   82] [ 860  818 2270  311  799] [ 600    0  232 1657    0] [ 250  795  343    1  670]]
1093;Wed Jul 12 16:12:24 2017;2/5.;fc1;2;55.64;47.70;56.12;44.31;rnn_extracted;[[2083   16  558  888  125] [  26   14  186   13   52] [ 234    6 3320 1130  555] [ 183    0   65 1573    0] [  62   30 1677   97  559]]
1093;Wed Jul 12 16:15:13 2017;3/5.;fc1;2;59.54;38.00;58.41;37.64;rnn_extracted;[[1816    0 1521 1058    0] [  19    0  258    4    0] [ 125    0 4299  187    0] [  27    0  517 1730    0] [  41    0 1804   25    0]]
1093;Wed Jul 12 16:18:01 2017;4/5.;fc1;2;53.41;40.40;54.31;40.07;rnn_extracted;[[2000    8  414 1210   91] [  47    2  213   19   52] [ 478   16 2768 1366  116] [ 508    1   49 2223    3] [ 235   35 1220   60  306]]
1093;Wed Jul 12 16:20:45 2017;5/5.;fc1;2;49.81;40.94;46.76;37.23;rnn_extracted;[[2233    5  576 1441  113] [  73    4  119   31  142] [ 648   15 1876  376 1708] [ 363    0  402 1442   37] [ 308   11  650  134  727]]
1095;Wed Jul 12 17:42:51 2017;1/5.;fc1;2;28.08;17.74;32.69;20.49;extracted_balanced_S3SS_cropped;[[ 621    0  134 2720    0] [  16    0  139  199    0] [  62    0 1303 3693    0] [  14    0    7 2468    0] [  41    0 1188  830    0]]
1095;Wed Jul 12 17:44:52 2017;2/5.;fc1;2;49.89;42.46;56.32;46.11;extracted_balanced_S3SS_cropped;[[2450    9   93  693  425] [  51    3   19   11  207] [ 443    1 1724 1130 1947] [ 199    0   46 1563   13] [ 227   12  234  116 1836]]
1095;Wed Jul 12 17:46:53 2017;3/5.;fc1;2;49.77;44.48;49.60;43.22;extracted_balanced_S3SS_cropped;[[2360   40  718  680  597] [  26   16   25    3  211] [ 239   24  953  150 3245] [  45    0  389 1790   50] [ 100   10  206   11 1543]]
1095;Wed Jul 12 17:48:58 2017;4/5.;fc1;2;46.04;41.32;52.81;44.69;extracted_balanced_S3SS_cropped;[[1698   92  295 1361  277] [  28   31   36    9  229] [ 491  107 1887 1047 1212] [ 471    6   63 2237    7] [ 169  172  251   19 1245]]
1095;Wed Jul 12 17:50:59 2017;5/5.;fc1;2;58.97;49.14;57.16;46.73;extracted_balanced_S3SS_cropped;[[3173   57  697  284  157] [  90   25   87    0  167] [ 883   37 2511   49 1143] [ 381    0  628 1235    0] [ 355   38  702    0  735]]
1095;Wed Jul 12 18:17:54 2017;1/5.;fc1;50;89.19;81.61;87.55;79.02;extracted_balanced_S3SS_cropped;[[3307   44   84   14   26] [  88  127   51    0   88] [ 146   44 4345  388  135] [  55    0  238 2196    0] [ 159   39   74    0 1787]]
1095;Wed Jul 12 18:25:35 2017;2/5.;fc1;50;60.95;53.27;63.69;51.76;extracted_balanced_S3SS_cropped;[[2919  113  380  155  103] [  47   42  119    0   83] [ 603   97 3449  815  281] [ 253    5   55 1508    0] [ 352  150 1270    4  649]]
1095;Wed Jul 12 18:36:24 2017;3/5.;fc1;50;61.79;56.13;61.76;53.92;extracted_balanced_S3SS_cropped;[[3025  274  609  197  290] [  23   89   19    0  150] [ 396  164 2448  126 1477] [ 197    8  341 1720    8] [ 188  309  360    0 1013]]
1095;Wed Jul 12 19:01:03 2017;4/5.;fc1;50;88.85;80.59;81.67;73.00;extracted_balanced_S3SS_cropped;[[3438   51   99   61   74] [  60  116   43    1  113] [ 200  128 3384  693  339] [  92    0  231 2432   29] [ 100   41   99   10 1606]]
1095;Wed Jul 12 19:22:16 2017;5/5.;fc1;50;85.02;78.48;83.46;76.03;extracted_balanced_S3SS_cropped;[[3871  181  183   20  113] [  62  228   41    0   38] [ 291  197 3750  251  134] [  20   20  264 1936    4] [ 212  116   72    3 1427]]
1096;Wed Jul 12 20:34:16 2017;1/5.;fc1;50;88.75;81.86;88.49;80.36;extracted_balanced_S3SS_cropped;[[3272   64   96   16   27] [  62  158   47    0   87] [  84   85 4414  362  113] [   7    0  230 2252    0] [  99   62  103    2 1793]]
1096;Wed Jul 12 20:56:02 2017;2/5.;fc1;50;84.48;77.01;85.56;76.89;extracted_balanced_S3SS_cropped;[[3319  126  126   41   58] [  45  173   30    0   43] [  62  232 4261  518  172] [   4    0  168 1649    0] [  46  124  148    0 2107]]
1096;Wed Jul 12 21:16:47 2017;3/5.;fc1;50;89.67;82.37;87.49;78.98;extracted_balanced_S3SS_cropped;[[4008   97  122   28  140] [  42  157   37    0   45] [  69  119 4042  136  245] [  46    0  296 1929    3] [  96   65   94    0 1615]]
1096;Wed Jul 12 21:38:41 2017;4/5.;fc1;50;87.74;79.39;82.42;73.99;extracted_balanced_S3SS_cropped;[[3426   78  103   43   73] [  55  158   30    3   87] [ 200  171 3521  544  308] [  78    0  201 2462   43] [ 112  121  100   13 1510]]
1096;Wed Jul 12 21:59:47 2017;5/5.;fc1;50;86.34;80.13;83.07;75.54;extracted_balanced_S3SS_cropped;[[3786  259  146   35  142] [  47  240   35    0   47] [ 301  218 3813  146  145] [  59   15  302 1863    5] [ 174  133   66    0 1457]]
1097;Thu Jul 13 12:22:07 2017;1/5.;fc1;75;89.06;82.06;88.87;81.82;extracted_balanced_S3SS_cropped_moreepochs;[[3258   89   82   15   31] [  55  192   25    0   82] [  96  119 4399  333  111] [  10    0  269 2210    0] [  64   33   81    0 1881]]
1097;Thu Jul 13 12:52:13 2017;2/5.;fc1;75;85.02;78.89;84.48;76.41;extracted_balanced_S3SS_cropped_moreepochs;[[3266  157   70   40  137] [  39  186   30    0   36] [  89  180 4161  519  296] [   4    0  174 1643    0] [  58  124  133    2 2108]]
1097;Thu Jul 13 13:21:42 2017;3/5.;fc1;75;89.76;82.83;87.40;78.64;extracted_balanced_S3SS_cropped_moreepochs;[[3935  140  119   31  170] [  33  159   32    0   57] [  60  102 4032  144  273] [  44    0  289 1938    3] [  50   84   61    0 1675]]
1097;Thu Jul 13 13:51:18 2017;4/5.;fc1;75;88.99;81.75;83.92;76.48;extracted_balanced_S3SS_cropped_moreepochs;[[3513   82   70   32   26] [  54  199   24    3   53] [ 188  251 3548  572  185] [  73    0  191 2492   28] [  91   99  124   15 1527]]
1097;Thu Jul 13 14:20:07 2017;5/5.;fc1;75;86.52;80.02;82.14;74.51;extracted_balanced_S3SS_cropped_moreepochs;[[3722  246  153   21  226] [  41  261   40    0   27] [ 239  273 3887   87  137] [  63   23  383 1751   24] [ 158  191   67    0 1414]]
1116;Thu Jul 20 11:46:30 2017;1/5.;fc1;75;90.45;82.47;87.27;77.85;rnn new sleeploader;[[3236   58   86   16   79] [  51  160   73    0   70] [  71   58 4490  324  115] [   5    0  269 2215    0] [  98  243   93    1 1624]]
1116;Thu Jul 20 11:50:45 2017;1/5.;fc1;75;90.74;83.39;87.17;79.17;rnn new sleeploader;[[3207   51   83   14  120] [  60  167   75    0   52] [  52   45 4551  308  102] [   4    0  313 2172    0] [ 197  107  140    1 1614]]
1116;Thu Jul 20 11:52:11 2017;2/5.;fc1;75;86.88;81.02;87.76;79.62;rnn new sleeploader;[[3488   49   80    4   49] [  40  133   56    0   62] [  86   93 4335  444  287] [   6    0  114 1701    0] [  38   24  168   47 2148]]
1116;Thu Jul 20 11:53:31 2017;3/5.;fc1;75;89.33;80.98;87.25;77.47;rnn new sleeploader;[[3972  230  133   20   40] [  29  128   74    0   50] [  79   37 4164  222  109] [  46    0  209 2019    0] [  56   24  354    1 1435]]
1116;Thu Jul 20 11:55:02 2017;4/5.;fc1;75;89.60;81.94;84.87;78.26;rnn new sleeploader;[[3549   33   83   38   20] [  46  153   66    1   67] [ 246   66 3649  469  314] [  37    0  234 2472   41] [  80   26  130   36 1584]]
1116;Thu Jul 20 11:57:33 2017;5/5.;fc1;75;87.89;79.87;85.54;77.55;rnn new sleeploader;[[4037   40  131    1  159] [  86  155   49    0   79] [ 278   85 3891  146  223] [  38    1  319 1880    6] [ 200   49   53    0 1528]]
1120;Thu Jul 20 14:03:55 2017;1/5.;fc1;75;90.19;83.48;87.03;79.17;rnn new sleeploader;[[3307   42   83   10   33] [  67  166   87    0   34] [  75   36 4463  422   62] [   6    0  252 2231    0] [ 107  124  302    1 1525]]
1122;Thu Jul 20 18:23:37 2017;1/5.;fc1;75;83.83;75.33;83.16;72.83;rnn new sleeploader;[[ 354   91   29    0    7] [  22  113   43    0   35] [   5   10 2463   49   58] [   4    1  226  345   87] [   8   22  126  162 1589]]
1142;Mon Jul 24 14:12:07 2017;1/5.;fc1;2;68.80;49.43;66.73;43.31;rnn new sleeploader;[[  82    0  115    2  282] [   8    0   34    1  170] [  12    0 2172   87  314] [   6    0  248  287  122] [  92    1  264  188 1362]]
1144;Mon Jul 24 14:18:33 2017;1/5.;fc1;2;69.31;50.73;66.01;43.43;rnn new sleeploader;[[  83    0  178    1  219] [   9    2   56    1  145] [   8    2 2275  103  197] [   6    0  233  317  107] [ 106    2  407  208 1184]]
1148;Mon Jul 24 17:06:35 2017;1/5.;fc1;75;91.05;84.22;87.48;78.29;rnn new sleeploader;[[3255   54  107   14   45] [  74  143   84    0   53] [  48   47 4581  295   87] [  10    0  302 2177    0] [ 157  133  171    1 1597]]
1148;Mon Jul 24 18:12:05 2017;2/5.;fc1;75;89.13;84.04;89.95;82.11;rnn new sleeploader;[[3459   68   87    6   50] [  40  162   52    0   37] [  83  127 4554  312  169] [   7    0  112 1702    0] [  58   41  103    0 2223]]
1148;Mon Jul 24 19:12:47 2017;3/5.;fc1;75;91.07;83.99;89.99;82.70;rnn new sleeploader;[[4221   75   74   10   15] [  39  154   69    0   19] [ 111   41 4223  150   86] [  48    0  233 1993    0] [  61   23  291    0 1495]]
1148;Mon Jul 24 20:14:05 2017;4/5.;fc1;75;90.79;83.69;88.95;82.79;rnn new sleeploader;[[3605   29   57   12   20] [  56  202   57    0   18] [ 112  130 4045  328  129] [  14    0  273 2497    0] [  26   45  147   32 1606]]
1148;Mon Jul 24 21:27:26 2017;5/5.;fc1;75;89.55;83.52;87.64;80.11;rnn new sleeploader;[[4107   50   83    5  123] [  95  191   44    0   39] [ 265   46 4098   97  117] [  29    0  309 1902    4] [ 171  125   58    0 1476]]
1149;Mon Jul 24 23:20:55 2017;1/5.;fc1;75;91.20;84.98;88.28;79.33;rnn_new_sleeploader_balanced;[[3250   46  116   13   50] [  76  135   86    0   57] [  48   39 4647  226   98] [   3    0  311 2175    0] [ 184   78  143    0 1654]]
1153;Tue Jul 25 10:12:50 2017;1/5.;fc1;75;90.96;83.99;88.31;79.18;rnn_new_sleeploader_balanced;[[3273   37  116   12   37] [  86  122   87    0   59] [  53   37 4611  255  102] [   4    0  287 2198    0] [ 234   49  115    0 1661]]
1153;Tue Jul 25 10:43:06 2017;2/5.;fc1;75;87.17;80.78;89.24;80.67;rnn_new_sleeploader_balanced;[[3452   50  127    6   35] [  59  145   37    0   50] [  60  102 4598  270  215] [   5    0  148 1666    2] [  57   84  124   16 2144]]
1153;Tue Jul 25 11:15:40 2017;3/5.;fc1;75;91.12;84.57;89.45;81.59;rnn_new_sleeploader_balanced;[[4166   57   98   11   63] [  39  144   60    0   38] [  94   54 4152  161  150] [  45    0  204 2025    0] [  77   36  230    0 1527]]
1153;Tue Jul 25 12:03:34 2017;4/5.;fc1;75;90.54;83.25;88.11;81.50;rnn_new_sleeploader_balanced;[[3601   38   59   10   15] [  44  183   38    0   68] [  97  103 4103  207  234] [  16    0  374 2382   12] [  15   28  232    8 1573]]
1153;Tue Jul 25 12:33:09 2017;5/5.;fc1;75;88.61;81.39;87.11;80.48;rnn_new_sleeploader_balanced;[[4011   63  136   84   74] [  75  184   41    8   61] [ 258   69 4008  170  118] [  15    0  313 1915    1] [ 164   22   42   18 1584]]
1153;Tue Jul 25 13:01:26 2017;1/5.;fc1;75;90.95;84.70;88.31;79.34;rnn_new_sleeploader_balanced;[[3265   40  122   13   35] [  76  133   89    0   56] [  47   38 4643  232   98] [   6    0  302 2181    0] [ 185   78  153    0 1643]]
1153;Tue Jul 25 13:10:45 2017;1/5.;fc1;75;88.98;82.38;85.61;77.80;rnn_new_sleeploader_balanced;[[3134  197   77   18   49] [  32  245   15    0   62] [  34  253 4173  443  155] [   5    0  191 2293    0] [ 158  196   48    0 1657]]
1157;Wed Jul 26 10:04:28 2017;1/5.;fc1;250;84.18;74.89;82.76;71.82;CNN+LSTM EMSA;[[ 360   55   23    4   23] [  34   92   46    0   40] [  12   23 2446   80   24] [   4    0  179  389   91] [  11   52  151  152 1533]]
1157;Wed Jul 26 10:21:11 2017;2/5.;fc1;250;80.59;72.53;84.68;70.37;CNN+LSTM EMSA;[[ 119   49   17    1   25] [  16  108   41    2  123] [  15   34 2545   87   95] [   8    0  101  400  137] [   3   35   39   64 1759]]
1196;Wed Jul 26 19:04:30 2017;1/5.;fc1;250;87.24;77.47;82.19;70.06;CNN+LSTM;[[3073   79   30    3    2] [ 128  171  124    2   24] [  95   72 2717  102  172] [   6    0  167  374  169] [  28  103  231  139 1399]]
1198;Thu Jul 27 09:24:34 2017;1/5.;fc1;250;83.93;74.81;82.11;70.07;CNN+LSTM EMSA;[[ 365   41   22    1   36] [  43   73   45    0   51] [  10   26 2406   79   64] [   3    0  198  369   93] [   4   57  122  147 1569]]
1198;Thu Jul 27 09:45:51 2017;2/5.;fc1;250;80.18;72.58;85.23;71.72;CNN+LSTM EMSA;[[ 125   50   19    1   16] [  22  118   52    1   97] [  13   26 2562  104   71] [   8    0   83  460   95] [  11   63   49   79 1698]]
1198;Thu Jul 27 10:10:45 2017;3/5.;fc1;250;84.11;74.02;82.73;71.68;CNN+LSTM EMSA;[[ 367   38   20    2   32] [  35   80   71    0   66] [  18   28 2987  162  135] [   2    0  218  516  165] [   6    8   78   85 1651]]
1199;Thu Jul 27 11:16:20 2017;1/5.;fc1;250;81.95;71.12;81.82;66.69;CNN+LSTM EMSA;[[1250    2   12   50  208    2    2] [   3   13    9   10   18    0    0] [  21    4  326   44   10    0    0] [  24    2   28   71   47    0    0] [  39    1    1   12 2397   86    1] [   0    0    2    0  186  385   90] [   0    0    0    0    4  141  323]]
1199;Thu Jul 27 11:38:55 2017;2/5.;fc1;250;78.86;66.23;84.65;68.88;CNN+LSTM EMSA;[[1393    8   24   83   88    1    0] [   4   28   13   11   11    0    0] [   5    2   88   27    3    0    0] [  71    5   11   94   46    1    0] [  65    5    1   17 2585   71    1] [   1    0    4    0  128  386  127] [   0    0    0    0    1   59  355]]
1200;Thu Jul 27 12:35:04 2017;1/5.;fc1;250;87.74;78.74;83.68;71.10;CNN+LSTM EMSA;[[1169   49   94  258    0    0] [   0 3056   70   39    2    0] [  40  119  150  125    0    0] [  99   62   64 2808   91    4] [   0    0    0  144  441  131] [   0    0    0    0  145  250]]
1202;Thu Jul 27 18:33:51 2017;1/5.;fc1;250;87.36;79.52;85.59;76.23;CNN+LSTM EMSA;[[ 354   54   22    4   31] [  38   83   52    0   39] [  13   23 2416  109   24] [   2    0  170  959    0] [   9   68  180    1 1173]]
1202;Thu Jul 27 19:01:24 2017;2/5.;fc1;250;85.54;78.77;88.58;74.28;CNN+LSTM EMSA;[[ 121   44   15    0   31] [  22   75   48    1  144] [  19   17 2574   77   89] [   7    0  108  946    0] [   2   13   28    0 1442]]
1202;Thu Jul 27 19:27:04 2017;3/5.;fc1;250;86.69;78.35;86.25;77.32;CNN+LSTM EMSA;[[ 378   36   20    4   21] [  36   87   69    0   60] [  24   44 3014  157   91] [   4    0  254 1208    1] [   9   13   88    0 1152]]
1202;Thu Jul 27 19:44:14 2017;4/5.;fc1;250;88.84;80.23;83.81;74.72;CNN+LSTM EMSA;[[ 342   43   15    3   63] [  62  127   39    0  133] [  30  118 2573  142  207] [   2    0  162 1225    0] [  17   27   33    0 1408]]
1202;Thu Jul 27 20:13:14 2017;5/5.;fc1;250;88.94;79.73;87.65;79.10;CNN+LSTM EMSA;[[ 437   41   17    6    7] [  41  141   54    1   46] [  45   80 3172   74   35] [   2    0  196  930    0] [  45   70   74    0 1238]]
1204;Fri Jul 28 12:45:22 2017;1/5.;fc1;250;89.43;81.90;86.52;77.87;CNN+LSTM EMSA;[[3060   80   36    7    4] [ 128  158  116    1   46] [  94   68 2748  134  114] [   1    0  114  996    0] [  47   83  195    0 1180]]
1205;Fri Jul 28 13:05:30 2017;1/5.;fc1;250;90.04;83.05;86.79;77.54;CNN+LSTM EMSA;[[3036   90   50    4    7] [ 128  138  120    2   61] [  46   48 2789  113  162] [   5    0  136  970    0] [  44   56  171    0 1234]]
1205;Fri Jul 28 13:28:17 2017;2/5.;fc1;250;88.24;80.93;89.58;82.22;CNN+LSTM EMSA;[[3464   81   26    4   13] [  80  245   58    0   38] [  40  189 3281  115  105] [   4    1  144  963    0] [  10   61  102    0 1254]]
1205;Fri Jul 28 13:43:02 2017;3/5.;fc1;250;88.45;79.88;82.96;75.66;CNN+LSTM EMSA;[[2757   45   25    3   18] [ 101  199  201    3  153] [ 250   92 3015  143  252] [  35    1  177 1082    9] [ 111   47   78    7 1474]]
1205;Fri Jul 28 14:07:24 2017;4/5.;fc1;250;87.19;77.51;85.77;79.53;CNN+LSTM EMSA;[[2839  290   83    2   55] [  68  370  151    0   83] [   6  130 3522   60  129] [   0    1  183  580    0] [   1   48  160    0 1427]]
1215;Fri Jul 28 17:19:35 2017;1/5.;fc1;250;89.33;81.67;86.83;78.30;CNN+LSTM EMSA;[[3049   95   32    6    5] [ 127  167  102    2   51] [  60   84 2721  139  154] [   0    0  120  991    0] [  36   78  148    0 1243]]
1240;Thu Aug  3 15:08:15 2017;1/5.;fc1;250;72.72;72.07;68.51;69.16;vinc;[[837 120  24   1  80] [370 263 150   1  78] [ 74 154 770  31  53] [  5   1  70 467   1] [ 18  36  36   0 498]]
1253;Thu Aug  3 19:23:15 2017;1/5.;fc1;250;74.92;74.64;69.79;70.16;vinc;[[867  87  29   0  79] [387 243 133   1  98] [ 72 163 777  18  52] [  4   1  64 474   1] [ 17  21  23   0 527]]
1253;Thu Aug  3 20:45:10 2017;2/5.;fc1;250;76.01;75.03;74.34;72.32;vinc;[[ 681   65   57   12    0] [ 237  256  141    3    3] [  42  115 1257  123   15] [   1    1   58  511    0] [  21   79   86    3  371]]
1253;Thu Aug  3 21:47:44 2017;3/5.;fc1;250;71.91;70.61;74.07;74.61;vinc;[[642 160  49   5  18] [124 435 197   2 109] [ 17  78 917  40  41] [  2   0 119 477   2] [ 14  24  63   3 577]]
1253;Thu Aug  3 23:07:39 2017;4/5.;fc1;250;70.37;72.89;77.46;74.23;vinc;[[ 541  129   28    1   31] [  43  232  105    1  108] [  19  123 1505   69  122] [   1    2   49  350    1] [  18   38   44    0  574]]
1283;Thu Aug 10 15:28:03 2017;1/5.;fc1;2;62.56;38.53;69.40;36.37;LSTM moreL2;[[447   0  22   0   1] [ 21   0  23   1   0] [ 74   0 593  12   0] [ 91   0  10  19   0] [ 83   0 129   0   0]]
1284;Thu Aug 10 15:47:01 2017;1/5.;fc1;250;86.15;78.83;89.91;80.72;LSTM moreL2;[[446   6  16   1   1] [ 11  18  11   0   5] [  4   6 602  60   7] [  0   0   5 115   0] [  0   0  21   0 191]]
1284;Thu Aug 10 15:59:00 2017;2/5.;fc1;250;89.71;78.61;79.87;68.32;LSTM moreL2;[[640  12  16   1  51] [ 15  14  16   0  86] [ 22   5 504  12  61] [ 40   0 104 270   0] [  4   1   0   0 342]]
1284;Thu Aug 10 16:14:30 2017;3/5.;fc1;250;90.43;81.92;81.30;72.81;LSTM moreL2;[[1062   79   85    0  105] [   3   51   25    0   14] [  21   29  665   26   31] [   0    0   30  241    0] [   7   16   43    0  216]]
1286;Mon Aug 14 13:08:16 2017;1/5.;fc1;250;81.06;73.21;67.93;55.08;emsach;[[  83    3   11    6   28] [   5   11   14    1   18] [   6   11  309  204   95] [  17   31  386 1354  146] [   8   58   56    3  588]]
